Order,parameter name,"Parameter name short version
Backup",long_name,cf_standard_name,cf_standard_name_uri,unit,valid_min,valid_max,core/bio/intermediate,sdn_parameter_urn,sdn_parameter_uri,sdn_uom_urn,sdn_uom_uri,comment,update date,status,Fillvalue,Data Type
1,CNDC,CNDC,Electrical conductivity,sea_water_electrical_conductivity,,mhos/m,0.f,8.5f,c,SDN:P01::CNDCST01,http://vocab.nerc.ac.uk/collection/P01/current/CNDCST01/,SDN:P061::UECA,http://vocab.nerc.ac.uk/collection/P06/current/UECA/,,37254,active,99999.f,float
2,PRES,PRES,"Sea water pressure, equals 0 at sea-level",sea_water_pressure,,decibar,0.f,12000.f,c,SDN:P01::PRESPR01,http://vocab.nerc.ac.uk/collection/P01/current/PRESPR01/,SDN:P061::UPDB,http://vocab.nerc.ac.uk/collection/P06/current/UPDB/,19/10/2013 : revision of the long name,41566,active,99999.f,float
3,PSAL,PSAL,Practical salinity,sea_water_salinity,,psu,2.f,41.f,c,SDN:P01::PSALST01,http://vocab.nerc.ac.uk/collection/P01/current/PSALST01/,SDN:P061::UUUU,http://vocab.nerc.ac.uk/collection/P06/current/UUUU/,,37254,active,99999.f,float
4,TEMP,TEMP,Sea temperature in-situ ITS-90 scale,sea_water_temperature,,degree_Celsius,-2.5f,40.f,c,SDN:P01::TEMPST01,http://vocab.nerc.ac.uk/collection/P01/current/TEMPST01/,SDN:P061::UPAA,http://vocab.nerc.ac.uk/collection/P06/current/UPAA/,,37254,active,99999.f,float
5,DOXY,DOXY,Dissolved oxygen,moles_of_oxygen_per_unit_mass_in_sea_water,,micromole/kg,-5.f,600.f,b,SDN:P01::DOXMZZXX,http://vocab.nerc.ac.uk/collection/P01/current/DOXMZZXX/,SDN:P061::KGUM,http://vocab.nerc.ac.uk/collection/P06/current/KGUM/,,42312,active,99999.f,float
6,TEMP_DOXY,TEMP_DOXY,Sea temperature from oxygen sensor ITS-90 scale,temperature_of_sensor_for_oxygen_in_sea_water,,degree_Celsius,-2.f,40.f,i,SDN:P01::OXYTAAOP,http://vocab.nerc.ac.uk/collection/P01/current/OXYTAAOP/,SDN:P061::UPAA,http://vocab.nerc.ac.uk/collection/P06/current/UPAA/,,42065,active,99999.f,float
7,TEMP_VOLTAGE_DOXY,,Thermistor voltage reported by oxygen sensor,-,,volt,-,-,i,SDN:P01::TCNTOPTT,http://vocab.nerc.ac.uk/collection/P01/current/TCNTOPTT/,SDN:P061::UVLT,http://vocab.nerc.ac.uk/collection/P06/current/UVLT/,Voltage from SBE63 thermistor,42326,active,99999.f,float
8,VOLTAGE_DOXY,VOLTAGE_DOXY,Voltage reported by oxygen sensor,-,,volt,0.f,100.f,i,SDN:P01::OXYOCPVL,http://vocab.nerc.ac.uk/collection/P01/current/OXYOCPVL/,SDN:P061::UVLT,http://vocab.nerc.ac.uk/collection/P06/current/UVLT/,,41810,active,99999.f,float
9,FREQUENCY_DOXY,FREQUENCY_DOXY,Frequency reported by oxygen sensor,-,,hertz,0.f,25000.f,i,SDN:P01::OXYOCPFR,http://vocab.nerc.ac.uk/collection/P01/current/OXYOCPFR/,SDN:P061::UTHZ,http://vocab.nerc.ac.uk/collection/P06/current/UTHZ/,,41810,active,99999.f,float
10,COUNT_DOXY,COUNT_DOXY,Count reported by oxygen sensor,-,,count,-,-,i,SDN:P01::OXYOOPCT,http://vocab.nerc.ac.uk/collection/P01/current/OXYOOPCT/,SDN:P061::UUUU,http://vocab.nerc.ac.uk/collection/P06/current/UUUU/,,42334,active,99999.f,float
11,BPHASE_DOXY,BPHASE_DOXY,Uncalibrated phase shift reported by oxygen sensor,-,,degree,10.f,70.f,i,SDN:P01::OXYCPHAB,http://vocab.nerc.ac.uk/collection/P01/current/OXYCPHAB/,SDN:P061::UAAA,http://vocab.nerc.ac.uk/collection/P06/current/UAAA/,reported by Aanderaa 3830 optodes,41759,active,99999.f,float
12,DPHASE_DOXY,DPHASE_DOXY,Calibrated phase shift reported by oxygen sensor,-,,degree,10.f,70.f,i,SDN:P01::OXYCPHAB,http://vocab.nerc.ac.uk/collection/P01/current/OXYCPHAB/,SDN:P061::UAAA,http://vocab.nerc.ac.uk/collection/P06/current/UAAA/,reported by Aanderaa 3830 optodes,41759,active,99999.f,float
13,TPHASE_DOXY,TPHASE_DOXY,Uncalibrated phase shift reported by oxygen sensor,-,,degree,10.f,70.f,i,SDN:P01::OXYCPHAC,http://vocab.nerc.ac.uk/collection/P01/current/OXYCPHAC/,SDN:P061::UAAA,http://vocab.nerc.ac.uk/collection/P06/current/UAAA/,reported by Aanderaa 4330 and 4330F optodes,41759,active,99999.f,float
14,C1PHASE_DOXY,C1PHASE_DOXY,Uncalibrated phase shift reported by oxygen sensor,-,,degree,10.f,70.f,i,SDN:P01::OCYCPHAD,http://vocab.nerc.ac.uk/collection/P01/current/OCYCPHAD/,SDN:P061::UAAA,http://vocab.nerc.ac.uk/collection/P06/current/UAAA/,reported by Aanderaa 4330 and 4330F optodes,41810,active,99999.f,float
15,C2PHASE_DOXY,C2PHASE_DOXY,Uncalibrated phase shift reported by oxygen sensor,-,,degree,0.f,15.f,i,SDN:P01::OXYCPHAE,http://vocab.nerc.ac.uk/collection/P01/current/OXYCPHAE/,SDN:P061::UAAA,http://vocab.nerc.ac.uk/collection/P06/current/UAAA/,reported by Aanderaa 4330 and 4330F optodes,42345,active,99999.f,float
16,MOLAR_DOXY,MOLAR_DOXY,"Uncompensated (pressure and salinity) oxygen concentration reported
by the oxygen sensor",mole_concentration_of_dissolved_molecular_oxygen_in_sea_water,,micromole/l,0.f,650.f,i,SDN:P01::DOXYMMOP,http://vocab.nerc.ac.uk/collection/P01/current/DOXYMMOP/,SDN:P061::MMPL,http://vocab.nerc.ac.uk/collection/P06/current/MMPL/,21/05/2014 : unit syntax revision,41810,active,99999.f,float
17,PHASE_DELAY_DOXY,PHASE_DELAY_DOXY,Phase delay reported by oxygen sensor,-,,microsecond,0.f,99999.f,i,SDN:P01::OXYCPH01,http://vocab.nerc.ac.uk/collection/P01/current/OXYCPH01/,SDN:P061::USEC,http://vocab.nerc.ac.uk/collection/P06/current/USEC/,"SBE63 optode, using value in ms as this is what is reported by sensor",41810,active,99999.f,float
18,MLPL_DOXY,MLPL_DOXY,Oxygen concentration reported by the oxygen sensor,-,,ml/l,0.f,650.f,i,SDN:P01::DOXYZZXX,http://vocab.nerc.ac.uk/collection/P01/current/DOXYZZXX/,SDN:P061::UMLL,http://vocab.nerc.ac.uk/collection/P06/current/UMLL/,,41444,active,99999.f,float
19,NB_SAMPLE,NB_SAMPLE,Number of samples in bin,-,,dimensionless,-,-,i,SDN:P01::NUMVALES,http://vocab.nerc.ac.uk/collection/P01/current/NUMVALES/,SDN:P061::UUUU,http://vocab.nerc.ac.uk/collection/P06/current/UUUU/,,41566,active,99999.f,float
20,RPHASE_DOXY,RPHASE_DOXY,Uncalibrated red phase shift reported by oxygen sensor,-,,degree,10.f,70.f,i,SDN:P01::OXYCPHAR,http://vocab.nerc.ac.uk/collection/P01/current/OXYCPHAR/,SDN:P061::UAAA,http://vocab.nerc.ac.uk/collection/P06/current/UAAA/,,41566,active,99999.f,float
21,TEMP_COUNT_DOXY,,Count which is expressive of uncalibrated temperature value reported by oxygen sensor,-,,count,-,-,i,,http://vocab.nerc.ac.uk/collection/P01/current//,SDN:P061::UUUU,http://vocab.nerc.ac.uk/collection/P06/current/UUUU/,,42334,active,99999.f,float
22,LED_FLASHING_COUNT_DOXY,,Number of times oxygen sensor flashing to measure oxygen,-,,count,-,-,i,,http://vocab.nerc.ac.uk/collection/P01/current//,SDN:P061::UUUU,http://vocab.nerc.ac.uk/collection/P06/current/UUUU/,reported by ARO-FT optode. This is a double type variable,42345,active,99999.,double
23,PPOX_DOXY,,Partial pressure of oxygen,-,,millibar,-5.f,5000.f,i,SDN:P01::PPOXZZ01,http://vocab.nerc.ac.uk/collection/P01/current/PPOXZZ01/,SDN:P061::UPBB,http://vocab.nerc.ac.uk/collection/P06/current/UPBB/,Alternative oxygen quantity of oxygen optodes (for in air measurements) ,42402,active,99999.f,float
24,BETA_BACKSCATTERING,OPBS_BBP,Total angle specific volume from backscattering sensor at x nanometers,-,,count,-,-,i,SDN:P01::NVLTOBS1,http://vocab.nerc.ac.uk/collection/P01/current/NVLTOBS1/,SDN:P061::UUUU,http://vocab.nerc.ac.uk/collection/P06/current/UUUU/,"ECO3 sensor
FLBB sensor",42023,active,99999.f,float
25,BETA_BACKSCATTERING470,,Total angle specific volume from backscattering sensor at 470 nanometers,-,,count,-,-,i,SDN:P01::NVLTOBS1,http://vocab.nerc.ac.uk/collection/P01/current/NVLTOBS1/,SDN:P061::UUUU,http://vocab.nerc.ac.uk/collection/P06/current/UUUU/,,42243,active,99999.f,float
26,BETA_BACKSCATTERING532,,Total angle specific volume from backscattering sensor at 532 nanometers,-,,count,-,-,i,SDN:P01::NVLTOBS1,http://vocab.nerc.ac.uk/collection/P01/current/NVLTOBS1/,SDN:P061::UUUU,http://vocab.nerc.ac.uk/collection/P06/current/UUUU/,,42023,active,99999.f,float
27,BETA_BACKSCATTERING700,,Total angle specific volume from backscattering sensor at 700 nanometers,-,,count,-,-,i,SDN:P01::NVLTOBS1,http://vocab.nerc.ac.uk/collection/P01/current/NVLTOBS1/,SDN:P061::UUUU,http://vocab.nerc.ac.uk/collection/P06/current/UUUU/,,42023,active,99999.f,float
28,FLUORESCENCE_CHLA,FVLT_CHLA,Chlorophyll-A signal from fluorescence sensor,-,,count,-,-,i,SDN:P01::FCNTRW01,http://vocab.nerc.ac.uk/collection/P01/current/FCNTRW01/,SDN:P061::UUUU,http://vocab.nerc.ac.uk/collection/P06/current/UUUU/,"sdn code independent of electromagic wavelength
ECO3 sensor
FLNTU sensor
FLBB sensor",41759,active,99999.f,float
29,TEMP_CPU_CHLA,TEMP_CPU_CHLA,Thermistor signal from backscattering sensor,-,,count,-,-,i,SDN:P01::TCNTICPU,http://vocab.nerc.ac.uk/collection/P01/current/TCNTICPU/,SDN:P061::UUUU,http://vocab.nerc.ac.uk/collection/P06/current/UUUU/,CPU termistor temp in counts from WetLabs FLBB,42023,active,99999.f,float
30,FLUORESCENCE_CDOM,FVLT_CDOM,Raw fluorescence from coloured dissolved organic matter sensor,-,,count,-,-,i,SDN:P01::FLUOCDOM,http://vocab.nerc.ac.uk/collection/P01/current/FLUOCDOM/,SDN:P061::UUUU,http://vocab.nerc.ac.uk/collection/P06/current/UUUU/,ECO3 sensor,42067,active,99999.f,float
31,SIDE_SCATTERING_TURBIDITY,OPSS_TURB,Turbidity signal from side scattering sensor,-,,count,-,-,i,SDN:P01::NCNTTUR1,http://vocab.nerc.ac.uk/collection/P01/current/NCNTTUR1/,SDN:P061::UUUU,http://vocab.nerc.ac.uk/collection/P06/current/UUUU/,FLNTU sensor,42322,active,99999.f,float
32,TRANSMITTANCE_PARTICLE_BEAM_ATTENUATION,ATTN_CP,Beam attenuation from transmissometer sensor at x nanometers,-,,count,-,-,i,SDN:P01::NCNTATT1,http://vocab.nerc.ac.uk/collection/P01/current/NCNTATT1/,SDN:P061::UUUU,http://vocab.nerc.ac.uk/collection/P06/current/UUUU/,,42322,active,99999.f,float
33,TRANSMITTANCE_PARTICLE_BEAM_ATTENUATION660,,Beam attenuation from transmissometer sensor at 660 nanometers,-,,dimensionless,-,-,i,SDN:P01::NCNTATT1,http://vocab.nerc.ac.uk/collection/P01/current/NCNTATT1/,SDN:P061::UUUU,http://vocab.nerc.ac.uk/collection/P06/current/UUUU/,,42322,active,99999.f,float
34,BBP,,Particle backscattering at x nanometers,-,,m-1,-,-,b,SDN:P01::BSXXXVSF,http://vocab.nerc.ac.uk/collection/P01/current/BSXXXVSF/,SDN:P061::PMSR,http://vocab.nerc.ac.uk/collection/P06/current/PMSR/,"coefficient or function in cf name?
ECO3 sensor",42023,active,99999.f,float
35,BBP470,Particle backscattering at 532 nanometers,Particle backscattering at 470 nanometers,-,,m-1,-,-,b,SDN:P01::BB117B01,http://vocab.nerc.ac.uk/collection/P01/current/BB117B01/,SDN:P061::PMSR,http://vocab.nerc.ac.uk/collection/P06/current/PMSR/,"coefficient or function in cf name?
ECO3 sensor",42243,active,99999.f,float
36,BBP532,BBP532,Particle backscattering at 532 nanometers,-,,m-1,-,-,b,SDN:P01::BB117G01,http://vocab.nerc.ac.uk/collection/P01/current/BB117G01/,SDN:P061::PMSR,http://vocab.nerc.ac.uk/collection/P06/current/PMSR/,"coefficient or function in cf name?
ECO3 sensor",42023,active,99999.f,float
37,BBP700,BBP700,Particle backscattering at 700 nanometers,-,,m-1,-,-,b,SDN:P01::BB117NIR,http://vocab.nerc.ac.uk/collection/P01/current/BB117NIR/,SDN:P061::PMSR,http://vocab.nerc.ac.uk/collection/P06/current/PMSR/,"coefficient or function in cf name?
ECO3 sensor",42023,active,99999.f,float
28,TURBIDITY,TURB,Sea water turbidity,sea_water_turbidity,,ntu,-,-,b,SDN:P01::TURBXXXX,http://vocab.nerc.ac.uk/collection/P01/current/TURBXXXX/,SDN:P061::USTU,http://vocab.nerc.ac.uk/collection/P06/current/USTU/,,41566,active,99999.f,float
29,CP,CP,Particle beam attenuation at x nanometers,-,,m-1,-,-,b,SDN:P01::ATTNZZ01,http://vocab.nerc.ac.uk/collection/P01/current/ATTNZZ01/,SDN:P061::UPRM,http://vocab.nerc.ac.uk/collection/P06/current/UPRM/,"coefficient or function in cf name?
C-Rover sensor",41675,active,99999.f,float
40,CP660,,Particle beam attenuation at 660 nanometers,-,,m-1,-,-,b,SDN:P01::ATT650AC,http://vocab.nerc.ac.uk/collection/P01/current/ATT650AC/,SDN:P061::UPRM,http://vocab.nerc.ac.uk/collection/P06/current/UPRM/,"coefficient or function in cf name?
C-Rover sensor",42322,active,99999.f,float
41,CHLA,CHLA,Chlorophyll-A,mass_concentration_of_chlorophyll_a_in_sea_water,,mg/m3,-,-,b,SDN:P01::CPHLPR01,http://vocab.nerc.ac.uk/collection/P01/current/CPHLPR01/,SDN:P061::UMMC,http://vocab.nerc.ac.uk/collection/P06/current/UMMC/,ECO3 sensor,41566,active,99999.f,float
42,CDOM,CDOM,Concentration of coloured dissolved organic matter in sea water,-,,ppb,-,-,b,SDN:P01::CDOMZZ01,http://vocab.nerc.ac.uk/collection/P01/current/CDOMZZ01/,SDN:P061::UPPB,http://vocab.nerc.ac.uk/collection/P06/current/UPPB/,,42322,active,99999.f,float
43,UV_INTENSITY_NITRATE,UV_INT_NTRA,Intensity of ultra violet flux from nitrate sensor,-,,count,-,-,i,SDN:P01::UVINZZ01,http://vocab.nerc.ac.uk/collection/P01/current/UVINZZ01/,SDN:P061::UUUU,http://vocab.nerc.ac.uk/collection/P06/current/UUUU/,"measurement in counts proportional to light intensity
SUNA sensor APF frame
16-bit
Spectral values with dimension N_VALUESXX",42322,active,99999.f,float
44,UV_INTENSITY_DARK_NITRATE,UV_INT_D_NTRA,Intensity of ultra violet flux dark measurement from nitrate sensor,-,,count,-,-,i,SDN:P01::UVDAZZ01,http://vocab.nerc.ac.uk/collection/P01/current/UVDAZZ01/,SDN:P061::UUUU,http://vocab.nerc.ac.uk/collection/P06/current/UUUU/,"average of all 256 dark counts
SUNA sensor APF frame
16-bit",42322,active,99999.f,float
45,UV_INTENSITY_DARK_SEAWATER_NITRATE,UV_INT_DSW_NTRA,Intensity of ultra-violet flux dark sea water from nitrate sensor,-,,count,-,-,i,SDN:P01::UVSDZZ01,http://vocab.nerc.ac.uk/collection/P01/current/UVSDZZ01/,SDN:P061::UUUU,http://vocab.nerc.ac.uk/collection/P06/current/UUUU/,"from light absorption on pixels at shortest wavelengths of array
SUNA sensor
16-bit",42322,active,99999.f,float
46,NITRATE,NTRA,Nitrate,moles_of_nitrate_per_unit_mass_in_sea_water,,micromole/kg,-,-,b,SDN:P01::MDMAP005,http://vocab.nerc.ac.uk/collection/P01/current/MDMAP005/,SDN:P061::KGUM,http://vocab.nerc.ac.uk/collection/P06/current/KGUM/,"NO3- but netcdf does not support - in variable names so using name rather than abreviation
SUNA sensor",41759,active,99999.f,float
47,BISULFIDE,SPWC_NTRA,Bisulfide,-,,micromole/kg,-,-,b,SDN:P01::H2SXZZ01,http://vocab.nerc.ac.uk/collection/P01/current/H2SXZZ01/,SDN:P061::KGUM,http://vocab.nerc.ac.uk/collection/P06/current/KGUM/,HS- but netcdf does not support - in variable names so using name rather than abreviation,41759,active,99999.f,float
48,MOLAR_NITRATE,MOLAR_NTRA,Nitrate,-,,micromole/l,-,-,i,SDN:P01::NTRZMC01,http://vocab.nerc.ac.uk/collection/P01/current/NTRZMC01/,SDN:P06::UPOX,http://vocab.nerc.ac.uk/collection/P06/current/UPOX/,SUNA sensor,42322,active,99999.f,float
49,FIT_ERROR_NITRATE,FIT_ERROR_NTRA,Nitrate fit error,-,,dimensionless,-,-,i,SDN:P01::NTFEZZ01,http://vocab.nerc.ac.uk/collection/P01/current/NTFEZZ01/,SDN:P061::UUUU,http://vocab.nerc.ac.uk/collection/P06/current/UUUU/,"SUNA sensor
key variable in QC",42322,active,99999.f,float
50,TEMP_NITRATE,TEMP_NITRATE,Internal temperature of the SUNA sensor,-,,degree_Celsius,-,-,i,,http://vocab.nerc.ac.uk/collection/P01/current//,,http://vocab.nerc.ac.uk/collection/P06/current//,Technical profile provided by the SUNA sensor of the Remocean floats.,41828,active,99999.f,float
51,TEMP_SPECTROPHOTOMETER_NITRATE,TEMP_SPECTROPHOTOMETER_NITRATE,Temperature of the spectrometer,-,,degree_Celsius,-,-,i,,http://vocab.nerc.ac.uk/collection/P01/current//,,http://vocab.nerc.ac.uk/collection/P06/current//,Technical profile provided by the SUNA sensor of the Remocean floats.,41828,active,99999.f,float
52,HUMIDITY_NITRATE,HUMIDITY_NITRATE,Relative humidity inside the SUNA sensor (If > 50% There is a leak),-,,percent,0.f,100.f,i,,http://vocab.nerc.ac.uk/collection/P01/current//,,http://vocab.nerc.ac.uk/collection/P06/current//,Technical profile provided by the SUNA sensor of the Remocean floats.,41828,active,99999.f,float
53,VRS_PH,VRS_PH,Voltage difference between reference and source from pH sensor,-,,volt,-,-,i,SDN:P01::PVLTGC01,http://vocab.nerc.ac.uk/collection/P01/current/PVLTGC01/,SDN:P061::UVLT,http://vocab.nerc.ac.uk/collection/P06/current/UVLT/,voltage between reference and source of sensor,41566,active,99999.f,float
54,TEMP_PH,,Sea temperature from pH sensor,-,,degree_Celsius,-2.f,40.f,i,,,,,Sea temperature from pH sensor,42402,active,99999.f,float
55,IB_PH,,Base current of pH sensor,-,,nanoampere,-,-,i,,,,,Base current of the pH sensor,42402,active,99999.f,float
56,VK_PH,,Counter electrode voltage of pH sensor,-,,volt,-,-,i,,,,,Counter electrode voltage of the pH sensor,43116,active,99999.f,float
57,IK_PH,,Counter electrode current of pH sensor,-,,nanoampere,-,-,i,,,,,Counter electrode current of the pH sensor,43116,active,99999.f,float
58,PH_IN_SITU_TOTAL,PH_TOTAL,pH,sea_water_ph_reported_on_total_scale,,dimensionless,-,-,b,SDN:P01::PHMASSXX,http://vocab.nerc.ac.uk/collection/P01/current/PHMASSXX/,SDN:P06::UUPH,http://vocab.nerc.ac.uk/collection/P06/current/UUPH/,(pH based on free proton concentration and proton associated with SO4 2- ion),42322,active,99999.f,float
59,PH_IN_SITU_FREE,PH_FREE,pH,-,,dimensionless,-,-,i,SDN:P01::PHFRWCAL,http://vocab.nerc.ac.uk/collection/P01/current/PHFRWCAL/,SDN:P06::UUPH,http://vocab.nerc.ac.uk/collection/P06/current/UUPH/,(pH based on free proton concentration),42322,active,99999.f,float
60,PH_IN_SITU_SEAWATER,PH_SEAWATER,pH,-,,dimensionless,-,-,i,SDN:P01::PHSWWCAL,http://vocab.nerc.ac.uk/collection/P01/current/PHSWWCAL/,SDN:P06::UUPH,http://vocab.nerc.ac.uk/collection/P06/current/UUPH/,(pH based on free proton concentration and protons associated with SO4 2- and F- ions),42322,active,99999.f,float
61,RAW_DOWNWELLING_IRRADIANCE,RAW_DOWN_IRR,Raw downwelling irradiance at x nanometers,-,,count,-,-,i,SDN:P01::DWIRXXZZ,http://vocab.nerc.ac.uk/collection/P01/current/DWIRXXZZ/,SDN:P061::UUUU,http://vocab.nerc.ac.uk/collection/P06/current/UUUU/,"Satlantic ocr504
corrected in float",41810,active,99999.,float
62,RAW_DOWNWELLING_IRRADIANCE380,,Raw downwelling irradiance at 380 nanometers,-,,count,-,-,i,SDN:P01::DWIRXXZZ,http://vocab.nerc.ac.uk/collection/P01/current/DWIRXXZZ/,SDN:P061::UUUU,http://vocab.nerc.ac.uk/collection/P06/current/UUUU/,"Satlantic ocr504
corrected in float",42322,active,99999.,float
63,RAW_DOWNWELLING_IRRADIANCE412,,Raw downwelling irradiance at 412 nanometers,-,,count,-,-,i,SDN:P01::DWIRXXZZ,http://vocab.nerc.ac.uk/collection/P01/current/DWIRXXZZ/,SDN:P061::UUUU,http://vocab.nerc.ac.uk/collection/P06/current/UUUU/,"Satlantic ocr504
corrected in float",42023,active,99999.,float
64,RAW_DOWNWELLING_IRRADIANCE443,Raw downwelling irradiance at 490 nanometers,Raw downwelling irradiance at 443 nanometers,-,,count,-,-,i,SDN:P01::DWIRXXZZ,http://vocab.nerc.ac.uk/collection/P01/current/DWIRXXZZ/,SDN:P061::UUUU,http://vocab.nerc.ac.uk/collection/P06/current/UUUU/,"Satlantic ocr504
corrected in float",42322,active,99999.,float
65,RAW_DOWNWELLING_IRRADIANCE490,,Raw downwelling irradiance at 490 nanometers,-,,count,-,-,i,SDN:P01::DWIRXXZZ,http://vocab.nerc.ac.uk/collection/P01/current/DWIRXXZZ/,SDN:P061::UUUU,http://vocab.nerc.ac.uk/collection/P06/current/UUUU/,"Satlantic ocr504
corrected in float",42322,active,99999.,float
66,RAW_DOWNWELLING_IRRADIANCE555,,Raw downwelling irradiance at 555 nanometers,-,,count,-,-,i,SDN:P01::DWIRXXZZ,http://vocab.nerc.ac.uk/collection/P01/current/DWIRXXZZ/,SDN:P061::UUUU,http://vocab.nerc.ac.uk/collection/P06/current/UUUU/,"Satlantic ocr504
corrected in float",42322,active,99999.,float
67,DOWN_IRRADIANCE,DOWN_IRR,Downwelling irradiance at x nanometers,-,,W/m^2/nm,-,-,b,SDN:P01::DWIRXXED,http://vocab.nerc.ac.uk/collection/P01/current/DWIRXXED/,SDN:P061::UWNM,http://vocab.nerc.ac.uk/collection/P06/current/UWNM/,Satlantic ocr504 (unit conversion),41675,active,99999.f,float
68,DOWN_IRRADIANCE380,,Downwelling irradiance at 380 nanometers,-,,W/m^2/nm,-,-,b,SDN:P01::RXUD380E,http://vocab.nerc.ac.uk/collection/P01/current/RXUD380E/,SDN:P061::UWNM,http://vocab.nerc.ac.uk/collection/P06/current/UWNM/,Satlantic ocr504 (unit conversion),42243,active,99999.f,float
69,DOWN_IRRADIANCE412,,Downwelling irradiance at 412 nanometers,-,,W/m^2/nm,-,-,b,SDN:P01::RXUD412E,http://vocab.nerc.ac.uk/collection/P01/current/RXUD412E/,SDN:P061::UWNM,http://vocab.nerc.ac.uk/collection/P06/current/UWNM/,Satlantic ocr504 (unit conversion),41810,active,99999.f,float
70,DOWN_IRRADIANCE443,,Downwelling irradiance at 443 nanometers,-,,W/m^2/nm,-,-,b,SDN:P01::RXUD443E,http://vocab.nerc.ac.uk/collection/P01/current/RXUD443E/,SDN:P061::UWNM,http://vocab.nerc.ac.uk/collection/P06/current/UWNM/,Satlantic ocr504 (unit conversion),42243,active,99999.f,float
71,DOWN_IRRADIANCE490,,Downwelling irradiance at 490 nanometers,-,,W/m^2/nm,-,-,b,SDN:P01::RXUD490E,http://vocab.nerc.ac.uk/collection/P01/current/RXUD490E/,SDN:P061::UWNM,http://vocab.nerc.ac.uk/collection/P06/current/UWNM/,Satlantic ocr504 (unit conversion),42243,active,99999.f,float
72,DOWN_IRRADIANCE555,,Downwelling irradiance at 555 nanometers,-,,W/m^2/nm,-,-,b,SDN:P01::RXUD555E,http://vocab.nerc.ac.uk/collection/P01/current/RXUD555E/,SDN:P061::UWNM,http://vocab.nerc.ac.uk/collection/P06/current/UWNM/,Satlantic ocr504 (unit conversion),42243,active,99999.f,float
73,RAW_UPWELLING_RADIANCE,RAW_UP_RAD,Raw upwelling radiance at x nanometers,-,,count,-,-,i,SDN:P01::UPRAXXZZ,http://vocab.nerc.ac.uk/collection/P01/current/UPRAXXZZ/,SDN:P061::UUUU,http://vocab.nerc.ac.uk/collection/P06/current/UUUU/,Satlantic ocr504,41810,active,99999.,float
74,RAW_UPWELLING_RADIANCE412,,Raw upwelling radiance at 412 nanometers,-,,count,-,-,i,SDN:P01::UPRAXXZZ,http://vocab.nerc.ac.uk/collection/P01/current/UPRAXXZZ/,SDN:P061::UUUU,http://vocab.nerc.ac.uk/collection/P06/current/UUUU/,Satlantic ocr504,42322,active,99999.,float
75,RAW_UPWELLING_RADIANCE443,,Raw upwelling radiance at 443 nanometers,-,,count,-,-,i,SDN:P01::UPRAXXZZ,http://vocab.nerc.ac.uk/collection/P01/current/UPRAXXZZ/,SDN:P061::UUUU,http://vocab.nerc.ac.uk/collection/P06/current/UUUU/,Satlantic ocr504,42322,active,99999.,float
76,RAW_UPWELLING_RADIANCE490,,Raw upwelling radiance at 490 nanometers,-,,count,-,-,i,SDN:P01::UPRAXXZZ,http://vocab.nerc.ac.uk/collection/P01/current/UPRAXXZZ/,SDN:P061::UUUU,http://vocab.nerc.ac.uk/collection/P06/current/UUUU/,Satlantic ocr504,42322,active,99999.,float
77,RAW_UPWELLING_RADIANCE555,,Raw upwelling radiance at 555 nanometers,-,,count,-,-,i,SDN:P01::UPRAXXZZ,http://vocab.nerc.ac.uk/collection/P01/current/UPRAXXZZ/,SDN:P061::UUUU,http://vocab.nerc.ac.uk/collection/P06/current/UUUU/,Satlantic ocr504,42322,active,99999.,float
78,UP_RADIANCE,UP_RAD,Upwelling radiance at x nanometers,upwelling_radiance_in_sea_water,,W/m^2/nm/sr,-,-,b,UPRAXXED,http://vocab.nerc.ac.uk/collection/P01/current/UPRAXXED/,SDN:P061::UWNS,http://vocab.nerc.ac.uk/collection/P06/current/UWNS/,Satlantic ocr504 (unit conversion),42261,active,99999.f,float
79,UP_RADIANCE412,,Upwelling radiance at 412 nanometers,upwelling_radiance_in_sea_water,,W/m^2/nm/sr,-,-,b,SDN:P01::RXUU412L,http://vocab.nerc.ac.uk/collection/P01/current/RXUU412L/,SDN:P061::UWNS,http://vocab.nerc.ac.uk/collection/P06/current/UWNS/,Satlantic ocr504 (unit conversion),42243,active,99999.f,float
80,UP_RADIANCE443,Upwelling radiance at x nanometers,Upwelling radiance at 443 nanometers,upwelling_radiance_in_sea_water,,W/m^2/nm/sr,-,-,b,SDN:P01::RXUU443L,http://vocab.nerc.ac.uk/collection/P01/current/RXUU443L/,SDN:P061::UWNS,http://vocab.nerc.ac.uk/collection/P06/current/UWNS/,Satlantic ocr504 (unit conversion),42243,active,99999.f,float
81,UP_RADIANCE490,,Upwelling radiance at 490 nanometers,upwelling_radiance_in_sea_water,,W/m^2/nm/sr,-,-,b,SDN:P01::RXUU490L,http://vocab.nerc.ac.uk/collection/P01/current/RXUU490L/,SDN:P061::UWNS,http://vocab.nerc.ac.uk/collection/P06/current/UWNS/,Satlantic ocr504 (unit conversion),42243,active,99999.f,float
82,UP_RADIANCE555,,Upwelling radiance at 555 nanometers,upwelling_radiance_in_sea_water,,W/m^2/nm/sr,-,-,b,SDN:P01::RXUU555L,http://vocab.nerc.ac.uk/collection/P01/current/RXUU555L/,SDN:P061::UWNS,http://vocab.nerc.ac.uk/collection/P06/current/UWNS/,Satlantic ocr504 (unit conversion),42243,active,99999.f,float
83,RAW_DOWNWELLING_PAR,RAW_DOWN_PAR,Raw downwelling photosynthetic available radiation,-,,count,-,-,i,SDN:P01::DWIRRXZZ,http://vocab.nerc.ac.uk/collection/P01/current/DWIRRXZZ/,SDN:P061::UUUU,http://vocab.nerc.ac.uk/collection/P06/current/UUUU/,"Satlantic ocr504
corrected in float",41810,active,99999.,float
84,DOWNWELLING_PAR,DOWN_PAR,Downwelling photosynthetic available radiation,downwelling_photosynthetic_photon_flux_in_sea_water,,microMoleQuanta/m^2/sec,-,-,b,SDN:P01::DWIRRXUD,http://vocab.nerc.ac.uk/collection/P01/current/DWIRRXUD/,SDN:P061::UMES,http://vocab.nerc.ac.uk/collection/P06/current/UMES/,,42023,active,99999.f,float
85,TILT,,Inclination of the float axis in respect to the local vertical,-,,degree,-,-,i,,,,,,42402,active,99999.f,float
86,MTIME,,Fractional day of the individual measurement relative to JULD of the station,-,-,days,-3.,3,i,,,,,Double instead of float variable,42993,active,999999.,double